Base DataSet,Model Method,Parameters,Mean Squared Error,R Squared
"Jul IntMnt Dry Test Scaled, Test Score",Stacking Ensemble,"{'stackingPredictorConfiguration': K Nearest Neighbors {'metric': 'minkowski', 'n_neighbors': 5}, 'basePredictorConfigurations': [Ridge Regression {'alpha': 0.1, 'normalize': True}, Random Forest {'n_estimators': 20, 'random_state': 47392, 'max_features': 'sqrt'}, K Nearest Neighbors {'metric': 'minkowski', 'n_neighbors': 5}]}",2013.086692946564,0.9436698405862909
"Jul IntMnt Dry Test Scaled, Test Score",Stacking OF Ensemble,"{'stackingPredictorConfiguration': K Nearest Neighbors {'metric': 'minkowski', 'n_neighbors': 5}, 'includeOriginalFeatures': True, 'basePredictorConfigurations': [Ridge Regression {'alpha': 0.1, 'normalize': True}, Random Forest {'n_estimators': 20, 'random_state': 47392, 'max_features': 'sqrt'}, K Nearest Neighbors {'metric': 'minkowski', 'n_neighbors': 5}]}",2013.6483754503806,0.9436541235955171
"Jul IntMnt Dry Test Scaled features selected via PCA n20, Test Score",Stacking OF Ensemble,"{'stackingPredictorConfiguration': Random Forest {'n_estimators': 20, 'random_state': 47392, 'max_features': None}, 'includeOriginalFeatures': True, 'basePredictorConfigurations': [Ridge Regression {'alpha': 0.5, 'normalize': True}, Random Forest {'n_estimators': 20, 'random_state': 47392, 'max_features': 10}, K Nearest Neighbors {'metric': 'minkowski', 'n_neighbors': 5}]}",2504.944392940837,0.9299066863482667
"Jul IntMnt Dry Test Scaled features selected via PCA n20, Test Score",Stacking Ensemble,"{'stackingPredictorConfiguration': Random Forest {'n_estimators': 20, 'random_state': 47392, 'max_features': None}, 'basePredictorConfigurations': [Ridge Regression {'alpha': 0.5, 'normalize': True}, Random Forest {'n_estimators': 20, 'random_state': 47392, 'max_features': 10}, K Nearest Neighbors {'metric': 'minkowski', 'n_neighbors': 5}]}",2525.2075492461818,0.9293396830349447
"Jul IntMnt Dry Test, Test Score",Stacking Ensemble,"{'stackingPredictorConfiguration': K Nearest Neighbors {'metric': 'minkowski', 'n_neighbors': 5}, 'basePredictorConfigurations': [Ridge Regression {'alpha': 0.1, 'normalize': True}, Random Forest {'n_estimators': 20, 'random_state': 47392, 'max_features': 'sqrt'}, K Nearest Neighbors {'metric': 'minkowski', 'n_neighbors': 5}]}",2901.6374475114476,0.9188064276855032
"Jul IntMnt Dry Test Scaled features selected via PCA n20, Test Score",Random Forest,"{'n_estimators': 20, 'random_state': 47392, 'max_features': 10}",2969.44550433206,0.9169090237318523
"Jul IntMnt Dry Test Scaled, Test Score",Random Forest,"{'n_estimators': 20, 'random_state': 47392, 'max_features': 'sqrt'}",3061.894778120228,0.9143221096419546
"Jul IntMnt Dry Test, Test Score",Random Forest,"{'n_estimators': 20, 'random_state': 47392, 'max_features': 'sqrt'}",3061.9061488530524,0.9143217914662919
"Jul IntMnt Dry Test Scaled features selected via PCA n50, Test Score",Stacking OF Ensemble,"{'stackingPredictorConfiguration': K Nearest Neighbors {'metric': 'minkowski', 'n_neighbors': 5}, 'includeOriginalFeatures': True, 'basePredictorConfigurations': [Ridge Regression {'alpha': 1.0, 'normalize': False}, Random Forest {'n_estimators': 20, 'random_state': 47392, 'max_features': 'sqrt'}, K Nearest Neighbors {'metric': 'minkowski', 'n_neighbors': 5}]}",3205.3324578625943,0.9103084387980063
"Jul IntMnt Dry Test Scaled features selected via PCA n50, Test Score",Stacking Ensemble,"{'stackingPredictorConfiguration': K Nearest Neighbors {'metric': 'minkowski', 'n_neighbors': 5}, 'basePredictorConfigurations': [Ridge Regression {'alpha': 1.0, 'normalize': False}, Random Forest {'n_estimators': 20, 'random_state': 47392, 'max_features': 'sqrt'}, K Nearest Neighbors {'metric': 'minkowski', 'n_neighbors': 5}]}",3205.498564610686,0.9103037908016569
"Jul IntMnt Dry Test, Test Score",Stacking OF Ensemble,"{'stackingPredictorConfiguration': K Nearest Neighbors {'metric': 'minkowski', 'n_neighbors': 5}, 'includeOriginalFeatures': True, 'basePredictorConfigurations': [Ridge Regression {'alpha': 0.1, 'normalize': True}, Random Forest {'n_estimators': 20, 'random_state': 47392, 'max_features': 'sqrt'}, K Nearest Neighbors {'metric': 'minkowski', 'n_neighbors': 5}]}",3808.1259672671736,0.8934410805281007
"Jul IntMnt Dry Test features selected via PCA n50, Test Score",Stacking Ensemble,"{'stackingPredictorConfiguration': K Nearest Neighbors {'metric': 'minkowski', 'n_neighbors': 5}, 'basePredictorConfigurations': [Ridge Regression {'alpha': 0.1, 'normalize': True}, Random Forest {'n_estimators': 20, 'random_state': 47392, 'max_features': 10}, K Nearest Neighbors {'metric': 'minkowski', 'n_neighbors': 5}]}",4417.009858809158,0.8764033012833347
"Jul IntMnt Dry Test Scaled features selected via ICA n50, Test Score",Stacking Ensemble,"{'stackingPredictorConfiguration': K Nearest Neighbors {'metric': 'minkowski', 'n_neighbors': 2}, 'basePredictorConfigurations': [Ridge Regression {'alpha': 0.1, 'normalize': False}, Random Forest {'n_estimators': 20, 'random_state': 47392, 'max_features': 10}, K Nearest Neighbors {'metric': 'minkowski', 'n_neighbors': 2}]}",4524.389101526716,0.873398617043358
"Jul IntMnt Dry Test Scaled features selected via ICA n50, Test Score",Stacking OF Ensemble,"{'stackingPredictorConfiguration': K Nearest Neighbors {'metric': 'minkowski', 'n_neighbors': 2}, 'includeOriginalFeatures': True, 'basePredictorConfigurations': [Ridge Regression {'alpha': 0.1, 'normalize': False}, Random Forest {'n_estimators': 20, 'random_state': 47392, 'max_features': 10}, K Nearest Neighbors {'metric': 'minkowski', 'n_neighbors': 2}]}",4524.389101526716,0.873398617043358
"Jul IntMnt Dry Test features selected via PCA n20, Test Score",Stacking Ensemble,"{'stackingPredictorConfiguration': K Nearest Neighbors {'metric': 'minkowski', 'n_neighbors': 5}, 'basePredictorConfigurations': [Ridge Regression {'alpha': 0.1, 'normalize': True}, Random Forest {'n_estimators': 20, 'random_state': 47392, 'max_features': 10}, K Nearest Neighbors {'metric': 'minkowski', 'n_neighbors': 5}]}",4598.259923480913,0.8713315648934026
"Jul IntMnt Dry Test features selected via PCA n20, Test Score",Stacking OF Ensemble,"{'stackingPredictorConfiguration': K Nearest Neighbors {'metric': 'minkowski', 'n_neighbors': 5}, 'includeOriginalFeatures': True, 'basePredictorConfigurations': [Ridge Regression {'alpha': 0.1, 'normalize': True}, Random Forest {'n_estimators': 20, 'random_state': 47392, 'max_features': 10}, K Nearest Neighbors {'metric': 'minkowski', 'n_neighbors': 5}]}",4635.548602839691,0.8702881536682595
"Jul IntMnt Dry Test, Test Score",Averaging Ensemble,"{'weights': [0.691425020732364, 0.74061733648417383, 0.76656303122436498], 'predictorConfigurations': [Ridge Regression {'alpha': 0.1, 'normalize': True}, Random Forest {'n_estimators': 20, 'random_state': 47392, 'max_features': 'sqrt'}, K Nearest Neighbors {'metric': 'minkowski', 'n_neighbors': 5}]}",4664.086220632494,0.8694896145068869
"Jul IntMnt Dry Test Scaled, Test Score",Averaging Ensemble,"{'weights': [0.691425020732364, 0.74059921250687122, 0.74074586574197776], 'predictorConfigurations': [Ridge Regression {'alpha': 0.1, 'normalize': True}, Random Forest {'n_estimators': 20, 'random_state': 47392, 'max_features': 'sqrt'}, K Nearest Neighbors {'metric': 'minkowski', 'n_neighbors': 5}]}",4898.333106547278,0.8629349219186452
"Jul IntMnt Dry Test features selected via PCA n50, Test Score",Stacking OF Ensemble,"{'stackingPredictorConfiguration': K Nearest Neighbors {'metric': 'minkowski', 'n_neighbors': 5}, 'includeOriginalFeatures': True, 'basePredictorConfigurations': [Ridge Regression {'alpha': 0.1, 'normalize': True}, Random Forest {'n_estimators': 20, 'random_state': 47392, 'max_features': 10}, K Nearest Neighbors {'metric': 'minkowski', 'n_neighbors': 5}]}",4989.145401251906,0.8603938137510934
"Jul IntMnt Ref Test features selected via PCA n50, Test Score",Stacking OF Ensemble,"{'stackingPredictorConfiguration': K Nearest Neighbors {'metric': 'minkowski', 'n_neighbors': 5}, 'includeOriginalFeatures': True, 'basePredictorConfigurations': [Ridge Regression {'alpha': 0.1, 'normalize': True}, Random Forest {'n_estimators': 20, 'random_state': 47392, 'max_features': 10}, K Nearest Neighbors {'metric': 'minkowski', 'n_neighbors': 5}]}",5052.11850680916,0.8586317013258087
"Jul IntMnt Dry Test Scaled features selected via PCA n20, Test Score",Averaging Ensemble,"{'weights': [0.28599954049522835, 0.74312449605680708, 0.69113041825303156], 'predictorConfigurations': [Ridge Regression {'alpha': 0.5, 'normalize': True}, Random Forest {'n_estimators': 20, 'random_state': 47392, 'max_features': 10}, K Nearest Neighbors {'metric': 'minkowski', 'n_neighbors': 5}]}",5414.917306903307,0.8484798711458115
"Jul IntMnt Dry Test features selected via PCA n50, Test Score",Averaging Ensemble,"{'weights': [0.63888395580307011, 0.63847077402757657, 0.76656303122436498], 'predictorConfigurations': [Ridge Regression {'alpha': 0.1, 'normalize': True}, Random Forest {'n_estimators': 20, 'random_state': 47392, 'max_features': 10}, K Nearest Neighbors {'metric': 'minkowski', 'n_neighbors': 5}]}",5688.188239318358,0.8408332083170282
"Jul IntMnt Dry Test, Test Score",K Nearest Neighbors,"{'metric': 'minkowski', 'n_neighbors': 5}",5706.836343480914,0.8403113973667493
"Jul IntMnt Dry Test features selected via Variance Threshold .1, Test Score",K Nearest Neighbors,"{'metric': 'minkowski', 'n_neighbors': 5}",5706.836343480914,0.8403113973667493
"Jul IntMnt Dry Test features selected via PCA n50, Test Score",K Nearest Neighbors,"{'metric': 'minkowski', 'n_neighbors': 5}",5706.836343480914,0.8403113973667493
"Jul IntMnt Dry Test features selected via PCA n20, Test Score",K Nearest Neighbors,"{'metric': 'minkowski', 'n_neighbors': 5}",5708.452926748093,0.8402661621598082
"Jul IntMnt Dry Test features selected via PCA n20, Test Score",Averaging Ensemble,"{'weights': [0.60360965364334407, 0.71516452742848158, 0.76396945251756576], 'predictorConfigurations': [Ridge Regression {'alpha': 0.1, 'normalize': True}, Random Forest {'n_estimators': 20, 'random_state': 47392, 'max_features': 10}, K Nearest Neighbors {'metric': 'minkowski', 'n_neighbors': 5}]}",5949.94675937858,0.8335086856253071
"Jul IntMnt Dry Test features selected via Variance Threshold .1, Test Score",Stacking OF Ensemble,"{'stackingPredictorConfiguration': K Nearest Neighbors {'metric': 'minkowski', 'n_neighbors': 5}, 'includeOriginalFeatures': True, 'basePredictorConfigurations': [Ridge Regression {'alpha': 0.1, 'normalize': True}, Random Forest {'n_estimators': 20, 'random_state': 47392, 'max_features': 'sqrt'}, K Nearest Neighbors {'metric': 'minkowski', 'n_neighbors': 5}]}",6148.999332396946,0.8279387997335964
"Jul IntMnt Dry Test Scaled features selected via PCA n50, Test Score",Averaging Ensemble,"{'weights': [0.66477030160292749, 0.59488778741724446, 0.74326812879555471], 'predictorConfigurations': [Ridge Regression {'alpha': 1.0, 'normalize': False}, Random Forest {'n_estimators': 20, 'random_state': 47392, 'max_features': 'sqrt'}, K Nearest Neighbors {'metric': 'minkowski', 'n_neighbors': 5}]}",6238.321841416015,0.8254393787250993
"Jul IntMnt Dry Test features selected via ICA n50, Test Score",Stacking Ensemble,"{'stackingPredictorConfiguration': K Nearest Neighbors {'metric': 'minkowski', 'n_neighbors': 2}, 'basePredictorConfigurations': [Ridge Regression {'alpha': 0.1, 'normalize': False}, Random Forest {'n_estimators': 20, 'random_state': 47392, 'max_features': 10}, K Nearest Neighbors {'metric': 'minkowski', 'n_neighbors': 2}]}",6241.352757061068,0.8253545676923437
"Jul IntMnt Dry Test features selected via ICA n50, Test Score",Stacking OF Ensemble,"{'stackingPredictorConfiguration': K Nearest Neighbors {'metric': 'minkowski', 'n_neighbors': 2}, 'includeOriginalFeatures': True, 'basePredictorConfigurations': [Ridge Regression {'alpha': 0.1, 'normalize': False}, Random Forest {'n_estimators': 20, 'random_state': 47392, 'max_features': 10}, K Nearest Neighbors {'metric': 'minkowski', 'n_neighbors': 2}]}",6241.352757061068,0.8253545676923437
"Jul IntMnt Dry Test Scaled, Test Score",K Nearest Neighbors,"{'metric': 'minkowski', 'n_neighbors': 5}",6400.270839022898,0.8209077244828603
"Jul IntMnt Dry Test Scaled features selected via PCA n20, Test Score",K Nearest Neighbors,"{'metric': 'minkowski', 'n_neighbors': 5}",6530.404427633584,0.8172663285026462
"Jul IntMnt Dry Test Scaled features selected via PCA n50, Test Score",K Nearest Neighbors,"{'metric': 'minkowski', 'n_neighbors': 5}",6538.588917801527,0.8170373102306089
"Jul IntMnt Ref Test Scaled features selected via PCA n20, Test Score",Averaging Ensemble,"{'weights': [0.32509566193031042, 0.79814403289776059, 0.79922510316603879], 'predictorConfigurations': [Ridge Regression {'alpha': 0.1, 'normalize': True}, Random Forest {'n_estimators': 20, 'random_state': 47392, 'max_features': 'sqrt'}, K Nearest Neighbors {'metric': 'minkowski', 'n_neighbors': 5}]}",6703.41436781955,0.8124251671433375
"Jul IntMnt Dry Test features selected via Variance Threshold .1, Test Score",Averaging Ensemble,"{'weights': [0.63666043614899503, 0.69365345160958647, 0.76656303122436498], 'predictorConfigurations': [Ridge Regression {'alpha': 0.1, 'normalize': True}, Random Forest {'n_estimators': 20, 'random_state': 47392, 'max_features': 'sqrt'}, K Nearest Neighbors {'metric': 'minkowski', 'n_neighbors': 5}]}",6714.881543242935,0.8121042928253622
"Jul IntMnt Dry Test features selected via PCA n20, Test Score",Random Forest,"{'n_estimators': 20, 'random_state': 47392, 'max_features': 10}",7336.91445475954,0.7946985779154807
"Jul IntMnt Dry Test Scaled features selected via ICA n50, Test Score",Averaging Ensemble,"{'weights': [0.66767260195482325, 0.53838739830440663, 0.71535032985892444], 'predictorConfigurations': [Ridge Regression {'alpha': 0.1, 'normalize': False}, Random Forest {'n_estimators': 20, 'random_state': 47392, 'max_features': 10}, K Nearest Neighbors {'metric': 'minkowski', 'n_neighbors': 2}]}",7362.698218406178,0.7939770970564649
"Jul IntMnt Ref Test Scaled features selected via PCA n20, Test Score",Stacking Ensemble,"{'stackingPredictorConfiguration': K Nearest Neighbors {'metric': 'minkowski', 'n_neighbors': 5}, 'basePredictorConfigurations': [Ridge Regression {'alpha': 0.1, 'normalize': True}, Random Forest {'n_estimators': 20, 'random_state': 47392, 'max_features': 'sqrt'}, K Nearest Neighbors {'metric': 'minkowski', 'n_neighbors': 5}]}",7547.45782680916,0.78880715667038
"Jul IntMnt Ref Test Scaled features selected via PCA n20, Test Score",Stacking OF Ensemble,"{'stackingPredictorConfiguration': K Nearest Neighbors {'metric': 'minkowski', 'n_neighbors': 5}, 'includeOriginalFeatures': True, 'basePredictorConfigurations': [Ridge Regression {'alpha': 0.1, 'normalize': True}, Random Forest {'n_estimators': 20, 'random_state': 47392, 'max_features': 'sqrt'}, K Nearest Neighbors {'metric': 'minkowski', 'n_neighbors': 5}]}",7547.713354442748,0.7888000065002532
"Jul IntMnt Ref Test Scaled features selected via PCA n20, Test Score",Random Forest,"{'n_estimators': 20, 'random_state': 47392, 'max_features': 'sqrt'}",7715.651007618321,0.7841007777943609
"Jul IntMnt Dry Test features selected via PCA n50, Test Score",Random Forest,"{'n_estimators': 20, 'random_state': 47392, 'max_features': 10}",7766.195506959923,0.7826864424279932
"Jul IntMnt Ref Test Scaled features selected via PCA n20, Test Score",K Nearest Neighbors,"{'metric': 'minkowski', 'n_neighbors': 5}",7966.382379328248,0.7770848165901442
"Jul IntMnt Ref Test Scaled, Test Score",K Nearest Neighbors,"{'metric': 'minkowski', 'n_neighbors': 5}",7970.096019572525,0.7769809015686509
"Jul IntMnt Dry Test Scaled features selected via PCA n50, Test Score",Random Forest,"{'n_estimators': 20, 'random_state': 47392, 'max_features': 'sqrt'}",8011.460808658397,0.7758234327067853
"Jul IntMnt Dry Test features selected via Variance Threshold .1, Test Score",Stacking Ensemble,"{'stackingPredictorConfiguration': K Nearest Neighbors {'metric': 'minkowski', 'n_neighbors': 5}, 'basePredictorConfigurations': [Ridge Regression {'alpha': 0.1, 'normalize': True}, Random Forest {'n_estimators': 20, 'random_state': 47392, 'max_features': 'sqrt'}, K Nearest Neighbors {'metric': 'minkowski', 'n_neighbors': 5}]}",8020.485062625952,0.7755709161776347
"Jul IntMnt Ref Test features selected via PCA n50, Test Score",Stacking Ensemble,"{'stackingPredictorConfiguration': K Nearest Neighbors {'metric': 'minkowski', 'n_neighbors': 5}, 'basePredictorConfigurations': [Ridge Regression {'alpha': 0.1, 'normalize': True}, Random Forest {'n_estimators': 20, 'random_state': 47392, 'max_features': 10}, K Nearest Neighbors {'metric': 'minkowski', 'n_neighbors': 5}]}",8289.619591908398,0.7680399981146757
"Jul IntMnt Dry Test features selected via Variance Threshold .1, Test Score",Random Forest,"{'n_estimators': 20, 'random_state': 47392, 'max_features': 'sqrt'}",8672.79270486832,0.7573180542402732
"Jul IntMnt Ref Test, Test Score",K Nearest Neighbors,"{'metric': 'minkowski', 'n_neighbors': 5}",8885.687566015267,0.7513608336651306
"Jul IntMnt Ref Test features selected via Variance Threshold .1, Test Score",K Nearest Neighbors,"{'metric': 'minkowski', 'n_neighbors': 5}",8885.687566015267,0.7513608336651306
"Jul IntMnt Ref Test features selected via PCA n50, Test Score",K Nearest Neighbors,"{'metric': 'minkowski', 'n_neighbors': 5}",8885.687566015267,0.7513608336651306
"Jul IntMnt Ref Test features selected via PCA n20, Test Score",K Nearest Neighbors,"{'metric': 'minkowski', 'n_neighbors': 5}",8958.100770778627,0.749334568535929
"Jul IntMnt Ref Test Scaled features selected via PCA n50, Test Score",K Nearest Neighbors,"{'metric': 'minkowski', 'n_neighbors': 5}",9053.564404427485,0.7466633066769669
"Jul IntMnt Dry Test features selected via Variance Threshold .1, Test Score",Ridge Regression,"{'alpha': 0.1, 'normalize': True}",9272.03400775715,0.7405500937558697
"Jul IntMnt Dry Test, Test Score",Ridge Regression,"{'alpha': 0.1, 'normalize': True}",9281.5349153585,0.7402842395124165
"Jul IntMnt Dry Test Scaled, Test Score",Ridge Regression,"{'alpha': 0.1, 'normalize': True}",9281.53491535851,0.7402842395124162
"Jul IntMnt Dry Test features selected via ICA n50, Test Score",Ridge Regression,"{'alpha': 0.1, 'normalize': False}",9397.610629434266,0.7370362107509838
"Jul IntMnt Dry Test features selected via PCA n50, Test Score",Ridge Regression,"{'alpha': 0.1, 'normalize': True}",9397.610629434268,0.7370362107509837
"Jul IntMnt Dry Test Scaled features selected via PCA n50, Test Score",Ridge Regression,"{'alpha': 1.0, 'normalize': False}",9425.457031885497,0.7362570131661643
"Jul IntMnt Dry Test Scaled features selected via ICA n50, Test Score",Ridge Regression,"{'alpha': 0.1, 'normalize': False}",9437.83927452644,0.7359105334520479
"Jul IntMnt Ref Test, Test Score",Stacking OF Ensemble,"{'stackingPredictorConfiguration': K Nearest Neighbors {'metric': 'minkowski', 'n_neighbors': 5}, 'includeOriginalFeatures': True, 'basePredictorConfigurations': [Ridge Regression {'alpha': 0.1, 'normalize': True}, Random Forest {'n_estimators': 20, 'random_state': 47392, 'max_features': 'sqrt'}, K Nearest Neighbors {'metric': 'minkowski', 'n_neighbors': 5}]}",9479.38232192366,0.7347480765689858
"Jul IntMnt Dry Test Scaled features selected via Variance Threshold .1, Test Score",Averaging Ensemble,"{'weights': [0.18425060629944251, 0.5411073296418506, 0.47283832390139918], 'predictorConfigurations': [Ridge Regression {'alpha': 0.1, 'normalize': True}, Random Forest {'n_estimators': 10, 'random_state': 47392, 'max_features': 'sqrt'}, K Nearest Neighbors {'metric': 'minkowski', 'n_neighbors': 5}]}",9985.620659668815,0.7205825235570704
"Jul IntMnt Dry Test features selected via ICA n50, Test Score",Averaging Ensemble,"{'weights': [0.64253881362087961, 0.48361317595942599, 0.6534041348882349], 'predictorConfigurations': [Ridge Regression {'alpha': 0.1, 'normalize': False}, Random Forest {'n_estimators': 20, 'random_state': 47392, 'max_features': 10}, K Nearest Neighbors {'metric': 'minkowski', 'n_neighbors': 2}]}",10133.569339626993,0.7164426259777499
"Jul IntMnt Dry Test Scaled features selected via Variance Threshold .1, Test Score",Random Forest,"{'n_estimators': 10, 'random_state': 47392, 'max_features': 'sqrt'}",10338.13566984408,0.7107184542209244
"Jul IntMnt Dry Test Scaled features selected via Variance Threshold .1, Test Score",Stacking Ensemble,"{'stackingPredictorConfiguration': Random Forest {'n_estimators': 10, 'random_state': 47392, 'max_features': None}, 'basePredictorConfigurations': [Ridge Regression {'alpha': 0.1, 'normalize': True}, Random Forest {'n_estimators': 10, 'random_state': 47392, 'max_features': 'sqrt'}, K Nearest Neighbors {'metric': 'minkowski', 'n_neighbors': 5}]}",10341.059783992092,0.7106366317059385
"Jul IntMnt Dry Test Scaled features selected via Variance Threshold .1, Test Score",Stacking OF Ensemble,"{'stackingPredictorConfiguration': Random Forest {'n_estimators': 10, 'random_state': 47392, 'max_features': None}, 'includeOriginalFeatures': True, 'basePredictorConfigurations': [Ridge Regression {'alpha': 0.1, 'normalize': True}, Random Forest {'n_estimators': 10, 'random_state': 47392, 'max_features': 'sqrt'}, K Nearest Neighbors {'metric': 'minkowski', 'n_neighbors': 5}]}",10341.059783992094,0.7106366317059385
"Jul IntMnt Dry Test Scaled features selected via ICA n50, Test Score",K Nearest Neighbors,"{'metric': 'minkowski', 'n_neighbors': 2}",10452.469121755725,0.7075191774113023
"Jul IntMnt Dry Test Scaled features selected via Variance Threshold .1, Test Score",K Nearest Neighbors,"{'metric': 'minkowski', 'n_neighbors': 5}",10734.601850473282,0.6996245439411348
"Jul IntMnt Dry Test features selected via PCA n20, Test Score",Ridge Regression,"{'alpha': 0.1, 'normalize': True}",10773.024052811457,0.6985494144942419
"Jul IntMnt Ref Test features selected via PCA n20, Test Score",Stacking OF Ensemble,"{'stackingPredictorConfiguration': K Nearest Neighbors {'metric': 'minkowski', 'n_neighbors': 5}, 'includeOriginalFeatures': True, 'basePredictorConfigurations': [Ridge Regression {'alpha': 0.1, 'normalize': True}, Random Forest {'n_estimators': 20, 'random_state': 47392, 'max_features': 10}, K Nearest Neighbors {'metric': 'minkowski', 'n_neighbors': 5}]}",11020.057681343515,0.6916369234800622
"Jul IntMnt Dry Test Scaled features selected via ICA n50, Test Score",Random Forest,"{'n_estimators': 20, 'random_state': 47392, 'max_features': 10}",11430.419154311068,0.6801541953538969
"Jul IntMnt Ref Test Scaled features selected via ICA n50, Test Score",K Nearest Neighbors,"{'metric': 'minkowski', 'n_neighbors': 5}",11679.034581190837,0.6731974424838323
"Jul IntMnt Ref Test features selected via PCA n50, Test Score",Random Forest,"{'n_estimators': 20, 'random_state': 47392, 'max_features': 10}",12132.234815742373,0.6605160008211031
"Jul IntMnt Ref Test Scaled features selected via PCA n50, Test Score",Random Forest,"{'n_estimators': 20, 'random_state': 47392, 'max_features': 10}",12475.935949725192,0.6508985612265934
"Jul IntMnt Ref Test Scaled, Test Score",Stacking OF Ensemble,"{'stackingPredictorConfiguration': K Nearest Neighbors {'metric': 'minkowski', 'n_neighbors': 5}, 'includeOriginalFeatures': True, 'basePredictorConfigurations': [Ridge Regression {'alpha': 1.0, 'normalize': False}, Random Forest {'n_estimators': 20, 'random_state': 47392, 'max_features': 'sqrt'}, K Nearest Neighbors {'metric': 'minkowski', 'n_neighbors': 5}]}",12499.164320213744,0.6502485853377629
"Jul IntMnt Ref Test Scaled, Test Score",Stacking Ensemble,"{'stackingPredictorConfiguration': K Nearest Neighbors {'metric': 'minkowski', 'n_neighbors': 5}, 'basePredictorConfigurations': [Ridge Regression {'alpha': 1.0, 'normalize': False}, Random Forest {'n_estimators': 20, 'random_state': 47392, 'max_features': 'sqrt'}, K Nearest Neighbors {'metric': 'minkowski', 'n_neighbors': 5}]}",12500.005217343514,0.6502250553678235
"Jul IntMnt Ref Test, Test Score",Stacking Ensemble,"{'stackingPredictorConfiguration': K Nearest Neighbors {'metric': 'minkowski', 'n_neighbors': 5}, 'basePredictorConfigurations': [Ridge Regression {'alpha': 0.1, 'normalize': True}, Random Forest {'n_estimators': 20, 'random_state': 47392, 'max_features': 'sqrt'}, K Nearest Neighbors {'metric': 'minkowski', 'n_neighbors': 5}]}",13002.688069038168,0.6361589919092989
"Jul IntMnt Dry Test features selected via ICA n50, Test Score",Random Forest,"{'n_estimators': 20, 'random_state': 47392, 'max_features': 10}",13011.27634549427,0.6359186748958507
"Jul IntMnt Ref Test features selected via ICA n50, Test Score",Random Forest,"{'n_estimators': 20, 'random_state': 47392, 'max_features': 10}",13197.38943233588,0.630710861497899
"Jul IntMnt Ref Test features selected via PCA n50, Test Score",Averaging Ensemble,"{'weights': [0.60169764590083397, 0.73682916200042914, 0.83779179138512272], 'predictorConfigurations': [Ridge Regression {'alpha': 0.1, 'normalize': True}, Random Forest {'n_estimators': 20, 'random_state': 47392, 'max_features': 10}, K Nearest Neighbors {'metric': 'minkowski', 'n_neighbors': 5}]}",13739.338398569282,0.6155460542548794
"Jul IntMnt Ref Test features selected via PCA n20, Test Score",Stacking Ensemble,"{'stackingPredictorConfiguration': K Nearest Neighbors {'metric': 'minkowski', 'n_neighbors': 5}, 'basePredictorConfigurations': [Ridge Regression {'alpha': 0.1, 'normalize': True}, Random Forest {'n_estimators': 20, 'random_state': 47392, 'max_features': 10}, K Nearest Neighbors {'metric': 'minkowski', 'n_neighbors': 5}]}",14093.813732519086,0.6056271311704526
"Jul IntMnt Ref Test Scaled features selected via PCA n50, Test Score",Averaging Ensemble,"{'weights': [0.62177430779685106, 0.80406789677242629, 0.84559445435110292], 'predictorConfigurations': [Ridge Regression {'alpha': 0.1, 'normalize': True}, Random Forest {'n_estimators': 20, 'random_state': 47392, 'max_features': 10}, K Nearest Neighbors {'metric': 'minkowski', 'n_neighbors': 5}]}",14999.482776474635,0.5802847145716896
"Jul IntMnt Dry Test features selected via ICA n50, Test Score",K Nearest Neighbors,"{'metric': 'minkowski', 'n_neighbors': 2}",15461.599809732823,0.5673537631911895
"Jul IntMnt Ref Test Scaled features selected via PCA n50, Test Score",Stacking Ensemble,"{'stackingPredictorConfiguration': K Nearest Neighbors {'metric': 'minkowski', 'n_neighbors': 5}, 'basePredictorConfigurations': [Ridge Regression {'alpha': 0.1, 'normalize': True}, Random Forest {'n_estimators': 20, 'random_state': 47392, 'max_features': 10}, K Nearest Neighbors {'metric': 'minkowski', 'n_neighbors': 5}]}",16057.977559969473,0.550665930590971
"Jul IntMnt Ref Test Scaled features selected via PCA n50, Test Score",Stacking OF Ensemble,"{'stackingPredictorConfiguration': K Nearest Neighbors {'metric': 'minkowski', 'n_neighbors': 5}, 'includeOriginalFeatures': True, 'basePredictorConfigurations': [Ridge Regression {'alpha': 0.1, 'normalize': True}, Random Forest {'n_estimators': 20, 'random_state': 47392, 'max_features': 10}, K Nearest Neighbors {'metric': 'minkowski', 'n_neighbors': 5}]}",16057.990072061077,0.5506655804778253
"Jul IntMnt Ref Test features selected via PCA n20, Test Score",Averaging Ensemble,"{'weights': [0.55424824211850254, 0.78301301659559208, 0.8377148128685743], 'predictorConfigurations': [Ridge Regression {'alpha': 0.1, 'normalize': True}, Random Forest {'n_estimators': 20, 'random_state': 47392, 'max_features': 10}, K Nearest Neighbors {'metric': 'minkowski', 'n_neighbors': 5}]}",17741.730969011965,0.5035511698223163
"Jul IntMnt Ref Test features selected via PCA n20, Test Score",Random Forest,"{'n_estimators': 20, 'random_state': 47392, 'max_features': 10}",19222.795843364504,0.4621080363662956
"Jul IntMnt Ref Test, Test Score",Averaging Ensemble,"{'weights': [0.6364413708763943, 0.82828776220922329, 0.83779179138512272], 'predictorConfigurations': [Ridge Regression {'alpha': 0.1, 'normalize': True}, Random Forest {'n_estimators': 20, 'random_state': 47392, 'max_features': 'sqrt'}, K Nearest Neighbors {'metric': 'minkowski', 'n_neighbors': 5}]}",19270.19399800056,0.4607817419667948
"Jul IntMnt Ref Test features selected via ICA n50, Test Score",Stacking Ensemble,"{'stackingPredictorConfiguration': K Nearest Neighbors {'metric': 'minkowski', 'n_neighbors': 5}, 'basePredictorConfigurations': [Ridge Regression {'alpha': 0.1, 'normalize': True}, Random Forest {'n_estimators': 20, 'random_state': 47392, 'max_features': 10}, K Nearest Neighbors {'metric': 'minkowski', 'n_neighbors': 5}]}",19325.487206229005,0.45923452830485123
"Jul IntMnt Ref Test features selected via ICA n50, Test Score",Stacking OF Ensemble,"{'stackingPredictorConfiguration': K Nearest Neighbors {'metric': 'minkowski', 'n_neighbors': 5}, 'includeOriginalFeatures': True, 'basePredictorConfigurations': [Ridge Regression {'alpha': 0.1, 'normalize': True}, Random Forest {'n_estimators': 20, 'random_state': 47392, 'max_features': 10}, K Nearest Neighbors {'metric': 'minkowski', 'n_neighbors': 5}]}",19325.487206229005,0.45923452830485123
"Jul IntMnt Ref Test, Test Score",Random Forest,"{'n_estimators': 20, 'random_state': 47392, 'max_features': 'sqrt'}",20393.624560536256,0.4293459260629894
"Jul IntMnt Ref Test Scaled, Test Score",Random Forest,"{'n_estimators': 20, 'random_state': 47392, 'max_features': 'sqrt'}",20393.624560536256,0.4293459260629894
"Jul IntMnt Ref Test Scaled, Test Score",Averaging Ensemble,"{'weights': [0.6379890505617577, 0.82829231378416934, 0.84611697017612197], 'predictorConfigurations': [Ridge Regression {'alpha': 1.0, 'normalize': False}, Random Forest {'n_estimators': 20, 'random_state': 47392, 'max_features': 'sqrt'}, K Nearest Neighbors {'metric': 'minkowski', 'n_neighbors': 5}]}",21619.38954678522,0.39504658996331954
"Jul IntMnt Ref Test features selected via ICA n50, Test Score",Averaging Ensemble,"{'weights': [0.60220734125916775, 0.61798558556062466, 0.66070291825634109], 'predictorConfigurations': [Ridge Regression {'alpha': 0.1, 'normalize': True}, Random Forest {'n_estimators': 20, 'random_state': 47392, 'max_features': 10}, K Nearest Neighbors {'metric': 'minkowski', 'n_neighbors': 5}]}",21728.80138772493,0.39198502959263326
"Jul IntMnt Ref Test features selected via Variance Threshold .1, Test Score",Averaging Ensemble,"{'weights': [0.63734786009501043, 0.84517568505803164, 0.83779179138512272], 'predictorConfigurations': [Ridge Regression {'alpha': 0.1, 'normalize': True}, Random Forest {'n_estimators': 20, 'random_state': 47392, 'max_features': 'sqrt'}, K Nearest Neighbors {'metric': 'minkowski', 'n_neighbors': 5}]}",22997.562611825095,0.3564825734580269
"Jul IntMnt Ref Test Scaled features selected via ICA n50, Test Score",Averaging Ensemble,"{'weights': [0.62225787046196923, 0.68203925526432918, 0.77475765478086256], 'predictorConfigurations': [Ridge Regression {'alpha': 0.1, 'normalize': True}, Random Forest {'n_estimators': 20, 'random_state': 47392, 'max_features': 10}, K Nearest Neighbors {'metric': 'minkowski', 'n_neighbors': 5}]}",26031.070702351964,0.27159899893494466
"Jul IntMnt Dry Test Scaled features selected via PCA n20, Test Score",Ridge Regression,"{'alpha': 0.5, 'normalize': True}",26190.547280409657,0.2671365278967035
"Jul IntMnt Ref Test features selected via ICA n50, Test Score",K Nearest Neighbors,"{'metric': 'minkowski', 'n_neighbors': 5}",26701.76162931298,0.25283173622071786
"Jul IntMnt Dry Test Scaled features selected via Variance Threshold .1, Test Score",Ridge Regression,"{'alpha': 0.1, 'normalize': True}",29312.211310214287,0.17978617530083352
"Jul IntMnt Ref Test Scaled features selected via ICA n50, Test Score",Stacking Ensemble,"{'stackingPredictorConfiguration': K Nearest Neighbors {'metric': 'minkowski', 'n_neighbors': 5}, 'basePredictorConfigurations': [Ridge Regression {'alpha': 0.1, 'normalize': True}, Random Forest {'n_estimators': 20, 'random_state': 47392, 'max_features': 10}, K Nearest Neighbors {'metric': 'minkowski', 'n_neighbors': 5}]}",31342.054530167934,0.12298713501833891
"Jul IntMnt Ref Test Scaled features selected via ICA n50, Test Score",Stacking OF Ensemble,"{'stackingPredictorConfiguration': K Nearest Neighbors {'metric': 'minkowski', 'n_neighbors': 5}, 'includeOriginalFeatures': True, 'basePredictorConfigurations': [Ridge Regression {'alpha': 0.1, 'normalize': True}, Random Forest {'n_estimators': 20, 'random_state': 47392, 'max_features': 10}, K Nearest Neighbors {'metric': 'minkowski', 'n_neighbors': 5}]}",31342.054530167934,0.12298713501833891
"Jul IntMnt Ref Test Scaled features selected via ICA n50, Test Score",Random Forest,"{'n_estimators': 20, 'random_state': 47392, 'max_features': 10}",42043.489029482815,-0.1764602327546967
"Jul IntMnt Ref Test features selected via Variance Threshold .1, Test Score",Random Forest,"{'n_estimators': 20, 'random_state': 47392, 'max_features': 'sqrt'}",42414.34789887404,-0.18683759966392688
"Jul IntMnt Ref Test features selected via Variance Threshold .1, Test Score",Stacking Ensemble,"{'stackingPredictorConfiguration': Random Forest {'n_estimators': 20, 'random_state': 47392, 'max_features': None}, 'basePredictorConfigurations': [Ridge Regression {'alpha': 0.1, 'normalize': True}, Random Forest {'n_estimators': 20, 'random_state': 47392, 'max_features': 'sqrt'}, K Nearest Neighbors {'metric': 'minkowski', 'n_neighbors': 5}]}",56473.2847467977,-0.5802345440705483
"Jul IntMnt Ref Test Scaled features selected via PCA n20, Test Score",Ridge Regression,"{'alpha': 0.1, 'normalize': True}",57409.33213277852,-0.606427006946505
"Jul IntMnt Ref Test features selected via Variance Threshold .1, Test Score",Stacking OF Ensemble,"{'stackingPredictorConfiguration': Random Forest {'n_estimators': 20, 'random_state': 47392, 'max_features': None}, 'includeOriginalFeatures': True, 'basePredictorConfigurations': [Ridge Regression {'alpha': 0.1, 'normalize': True}, Random Forest {'n_estimators': 20, 'random_state': 47392, 'max_features': 'sqrt'}, K Nearest Neighbors {'metric': 'minkowski', 'n_neighbors': 5}]}",58369.05533663358,-0.6332819661768307
"Jul IntMnt Ref Test features selected via PCA n50, Test Score",Ridge Regression,"{'alpha': 0.1, 'normalize': True}",68887.55004399842,-0.9276103156384525
"Jul IntMnt Ref Test features selected via ICA n50, Test Score",Ridge Regression,"{'alpha': 0.1, 'normalize': True}",68887.55004399882,-0.9276103156384641
"Jul IntMnt Ref Test Scaled features selected via Variance Threshold .1, Test Score",Ridge Regression,"{'alpha': 0.1, 'normalize': True}",71574.73927678968,-1.0028032014631432
"Jul IntMnt Ref Test features selected via Variance Threshold .1, Test Score",Ridge Regression,"{'alpha': 0.1, 'normalize': True}",74061.5215237844,-1.0723883022395815
"Jul IntMnt Ref Test Scaled features selected via PCA n50, Test Score",Ridge Regression,"{'alpha': 0.1, 'normalize': True}",74584.36672748842,-1.0870185483072419
"Jul IntMnt Ref Test Scaled features selected via ICA n50, Test Score",Ridge Regression,"{'alpha': 0.1, 'normalize': True}",74584.36672748857,-1.0870185483072459
"Jul IntMnt Ref Test, Test Score",Ridge Regression,"{'alpha': 0.1, 'normalize': True}",74722.45546825472,-1.0908825452269268
"Jul IntMnt Ref Test features selected via PCA n20, Test Score",Ridge Regression,"{'alpha': 0.1, 'normalize': True}",84068.47033085037,-1.3524025825594084
"Jul IntMnt Ref Test Scaled, Test Score",Ridge Regression,"{'alpha': 1.0, 'normalize': False}",87786.63405131393,-1.456444179890429
"Jul IntMnt Ref Test Scaled features selected via Variance Threshold .1, Test Score",Averaging Ensemble,"{'weights': [0.13187941211130746, 0.48286981375506327, 0.45372521281814721], 'predictorConfigurations': [Ridge Regression {'alpha': 0.1, 'normalize': True}, Random Forest {'n_estimators': 20, 'random_state': 47392, 'max_features': 'sqrt'}, K Nearest Neighbors {'metric': 'minkowski', 'n_neighbors': 10}]}",90680.15833172176,-1.5374107296937254
"Jul IntMnt Ref Test Scaled features selected via Variance Threshold .1, Test Score",Random Forest,"{'n_estimators': 20, 'random_state': 47392, 'max_features': 'sqrt'}",103387.40627040071,-1.8929847368158876
"Jul IntMnt Ref Test Scaled features selected via Variance Threshold .1, Test Score",Stacking Ensemble,"{'stackingPredictorConfiguration': Random Forest {'n_estimators': 20, 'random_state': 47392, 'max_features': None}, 'basePredictorConfigurations': [Ridge Regression {'alpha': 0.1, 'normalize': True}, Random Forest {'n_estimators': 20, 'random_state': 47392, 'max_features': 'sqrt'}, K Nearest Neighbors {'metric': 'minkowski', 'n_neighbors': 10}]}",103413.25375116433,-1.8937080006062446
"Jul IntMnt Ref Test Scaled features selected via Variance Threshold .1, Test Score",Stacking OF Ensemble,"{'stackingPredictorConfiguration': Random Forest {'n_estimators': 20, 'random_state': 47392, 'max_features': None}, 'includeOriginalFeatures': True, 'basePredictorConfigurations': [Ridge Regression {'alpha': 0.1, 'normalize': True}, Random Forest {'n_estimators': 20, 'random_state': 47392, 'max_features': 'sqrt'}, K Nearest Neighbors {'metric': 'minkowski', 'n_neighbors': 10}]}",103413.25375116437,-1.8937080006062454
"Jul IntMnt Ref Test Scaled features selected via Variance Threshold .1, Test Score",K Nearest Neighbors,"{'metric': 'minkowski', 'n_neighbors': 10}",123257.00538854199,-2.4489755392651995
